<?xml version="1.0" encoding="UTF-8"?>
<c3p0-config>

	<!-- default-config 默认的配置，  -->
  <default-config>
    <property name="driverClass">com.mysql.jdbc.Driver</property>
    <property name="jdbcUrl">jdbc:mysql://localhost/stus</property>
    <property name="user">root</property>
    <property name="password">147258</property>
    
    
    <property name="initialPoolSize">10</property>
    <property name="maxIdleTime">30</property>
    <property name="maxPoolSize">100</property>
    <property name="minPoolSize">10</property>
    <property name="maxStatements">200</property>
  </default-config>
  
   <!-- This app is massive! -->
  <named-config name="oracle"> 
    <property name="acquireIncrement">50</property>
    <property name="initialPoolSize">100</property>
    <property name="minPoolSize">50</property>
    <property name="maxPoolSize">1000</property>

    <!-- intergalactoApp adopts a different approach to configuring statement caching -->
    <property name="maxStatements">0</property> 
    <property name="maxStatementsPerConnection">5</property>

    <!-- he's important, but there's only one of him -->
    <user-overrides user="master-of-the-universe"> 
      <property name="acquireIncrement">1</property>
      <property name="initialPoolSize">1</property>
      <property name="minPoolSize">1</property>
      <property name="maxPoolSize">5</property>
      <property name="maxStatementsPerConnection">50</property>
    </user-overrides>
  </named-config>

 
</c3p0-config>
	